{"posX":[93,93,96,98,100,104,107,110,114,118,122,125,129,132,135,138,140,142,143,144,145,146,147,149,151,157,163,174,184,198,210,220,234,242,253,266,279,289,298,303,307,309,310,311,311,311,310,308,305,297,286,272,257,241,225,216,206,200,195,191,186,181,176,173,171,170,171,172,175,178,182,185,188,192,197,204,217,233,250,266,277,291,301,309,317,320,320,320,319,319,317,315,313,311,307,305,302,300,296,291,287,286,286,287,289,291,294,296,298,300,302,303,304,306,306,307,308,308,308,309,309,310,311,312,313,314,316,317,318,319,320,321,322,323,323],"posY":[4,4,16,25,32,41,49,60,69,80,88,96,104,112,117,124,128,131,133,135,137,138,139,143,149,157,165,177,186,196,202,205,208,208,207,203,198,192,183,176,169,161,155,150,145,141,135,130,125,118,113,111,111,113,120,126,136,144,154,162,172,185,202,215,229,241,256,267,282,291,299,303,305,305,304,300,289,275,259,243,228,212,200,188,175,167,163,160,159,159,158,158,159,160,162,165,173,184,202,231,260,282,305,321,341,357,371,383,396,405,415,422,427,431,434,437,439,441,442,444,446,447,450,452,456,459,462,466,470,473,478,483,489,498,507],"pressure":[0,0,0,0,0,0,0,0,0,0,0,0,0,0,0,0,0,0,0,0,0,0,0,0.5,0.5,0.5,0.5,0.5,0.5,0.5,0.5,0.5,0.5,0.5,0.5,0.5,0.5,0.5,0.5,0.5,0.5,0.5,0.5,0.5,0.5,0.5,0.5,0.5,0.5,0.5,0.5,0.5,0.5,0.5,0.5,0.5,0.5,0.5,0.5,0.5,0.5,0.5,0.5,0.5,0.5,0.5,0.5,0.5,0.5,0.5,0.5,0.5,0.5,0.5,0.5,0.5,0.5,0.5,0.5,0.5,0.5,0.5,0.5,0.5,0.5,0.5,0.5,0.5,0.5,0.5,0.5,0.5,0.5,0.5,0.5,0.5,0,0,0,0,0,0,0,0,0,0,0,0,0,0,0,0,0,0,0,0,0,0,0,0,0,0,0,0,0,0,0,0,0,0,0,0,0,0,0],"movementX":[0,0,3,2,2,4,3,3,4,4,4,3,4,3,3,3,2,2,1,1,1,1,1,2,2,6,6,11,10,14,12,10,14,8,11,13,13,10,9,5,4,2,1,1,0,0,-1,-2,-3,-8,-11,-14,-15,-16,-16,-9,-10,-6,-5,-4,-5,-5,-5,-3,-2,-1,1,1,3,3,4,3,3,4,5,7,13,16,17,16,11,14,10,8,8,3,0,0,-1,0,-2,-2,-2,-2,-4,-2,-3,-2,-4,-5,-4,-1,0,1,2,2,3,2,2,2,2,1,1,2,0,1,1,0,0,1,0,1,1,1,1,1,2,1,1,1,1,1,1,1,0],"movementY":[0,0,12,9,7,9,8,11,9,11,8,8,8,8,5,7,4,3,2,2,2,1,1,4,6,8,8,12,9,10,6,3,3,0,-1,-4,-5,-6,-9,-7,-7,-8,-6,-5,-5,-4,-6,-5,-5,-7,-5,-2,0,2,7,6,10,8,10,8,10,13,17,13,14,12,15,11,15,9,8,4,2,0,-1,-4,-11,-14,-16,-16,-15,-16,-12,-12,-13,-8,-4,-3,-1,0,-1,0,1,1,2,3,8,11,18,29,29,22,23,16,20,16,14,12,13,9,10,7,5,4,3,3,2,2,1,2,2,1,3,2,4,3,3,4,4,3,5,5,6,9,9],"time":[432.94500000047265,433.324999999968,442.3900000001595,452.4550000005547,462.26000000024214,472.02999999990425,481.83500000050117,491.8250000000626,502.4750000002314,512.3499999999694,523.2100000002902,531.2050000002273,541.2999999998647,551.7450000006647,561.6399999998976,571.725000000697,580.8750000005602,591.1300000007031,600.550000000112,611.3000000004831,621.5000000001965,630.3500000003623,640.5549999999494,987.039999999979,996.860000000197,1007.0450000002893,1016.9550000000527,1026.6600000004473,1038.7850000006438,1046.4849999998478,1056.8050000001676,1066.1150000005364,1075.8800000003248,1086.4050000000134,1095.8650000002308,1106.3700000004246,1115.830000000642,1125.480000000607,1138.0500000004758,1145.2450000006138,1156.4650000000256,1164.7950000005949,1175.1300000005358,1185.420000000704,1194.6100000004662,1205.1900000005844,1214.680000000044,1224.6350000004895,1234.3550000005052,1244.314999999915,1254.7100000001592,1264.085000000705,1274.120000000039,1284.0400000004593,1293.6850000005506,1305.5600000006962,1313.995000000432,1323.5350000004473,1333.5350000006656,1343.365000000631,1354.6900000001187,1363.5949999998047,1372.8750000000218,1383.244999999988,1392.8750000004584,1403.1650000006266,1413.2300000001123,1422.4500000000262,1432.4900000001435,1442.2700000004625,1453.5350000005565,1462.5249999999141,1472.2600000004604,1481.960000000072,1492.0750000001135,1502.1950000000288,1512.0900000001711,1521.8650000006164,1531.6499999998996,1541.4449999998396,1552.0100000003367,1561.3499999999476,1570.9700000006706,1582.0149999999558,1591.019999999844,1601.5400000005684,1610.885000000053,1620.6499999998414,1631.0600000006161,1640.3550000004543,1651.0349999998652,1660.2600000005623,1671.3349999999991,1679.9900000005437,1690.1200000002063,1700.525000000198,1868.4600000005958,1878.3849999999802,1888.5049999998955,1898.0250000004162,1907.8800000006595,1918.0050000004485,1927.8400000002875,1938.1350000003295,1947.5800000000163,1957.4000000002343,1967.6150000004782,1977.3000000004686,1987.369999999828,1997.2750000006272,2006.8049999999857,2016.9200000000274,2026.8800000003466,2037.1300000006158,2046.7450000005556,2056.2950000003184,2066.3150000000314,2076.535000000149,2086.369999999988,2096.5550000000803,2105.765000000247,2115.725000000566,2125.6499999999505,2136.120000000119,2145.8050000001094,2155.5050000006304,2165.4349999998885,2175.2350000006118,2185.5050000003757,2195.3650000004927,2204.790000000685,2214.9850000005245,2224.790000000212,2235.5500000003303,2244.8250000006738],"start_time":null,"stop":[1710.2350000004662],"next":[]}