{"posX":[569,556,540,529,519,507,499,488,480,472,464,458,452,447,440,436,431,426,422,417,414,410,407,404,400,397,394,390,387,384,382,380,379,379,379,379,379,380,381,382,384,386,389,392,398,404,411,416,421,427,431,435,443,463,495,550,595,626,667,695],"posY":[176,174,171,168,165,161,160,158,158,158,158,158,159,161,164,167,170,174,178,185,190,196,203,209,218,226,234,245,252,261,267,278,284,290,297,301,306,308,311,313,315,317,319,320,322,323,323,323,323,323,321,320,315,313,307,300,296,294,294,296],"pressure":[0.5,0.5,0.5,0.5,0.5,0.5,0.5,0.5,0.5,0.5,0.5,0.5,0.5,0.5,0.5,0.5,0.5,0.5,0.5,0.5,0.5,0.5,0.5,0.5,0.5,0.5,0.5,0.5,0.5,0.5,0.5,0.5,0.5,0.5,0.5,0.5,0.5,0.5,0.5,0.5,0.5,0.5,0.5,0.5,0.5,0.5,0.5,0.5,0.5,0.5,0.5,0.5,0.5,0,0,0,0,0,0,0],"movementX":[-9,-13,-16,-11,-10,-12,-8,-11,-8,-8,-8,-6,-6,-5,-7,-4,-5,-5,-4,-5,-3,-4,-3,-3,-4,-3,-3,-4,-3,-3,-2,-2,-1,0,0,0,0,1,1,1,2,2,3,3,6,6,7,5,5,6,4,4,8,20,32,55,45,31,41,28],"movementY":[-1,-2,-3,-3,-3,-4,-1,-2,0,0,0,0,1,2,3,3,3,4,4,7,5,6,7,6,9,8,8,11,7,9,6,11,6,6,7,4,5,2,3,2,2,2,2,1,2,1,0,0,0,0,-2,-1,-5,-2,-6,-7,-4,-2,0,2],"time":[748.1200000001991,757.3850000007951,766.9999999998254,777.1300000003976,787.1300000006158,797.4000000012893,807.6700000001438,816.7650000013964,826.7699999996694,836.5800000010495,847.1750000007887,857.9349999999977,866.7249999998603,876.2550000010378,886.4300000004732,896.8299999996816,907.6050000003306,916.1149999999907,926.0200000007899,936.1500000013621,945.929999999862,956.850000000486,965.8699999999953,976.0500000011234,986.0950000002049,995.7350000004226,1009.2700000004697,1016.3350000002538,1025.390000000698,1035.635000000184,1045.2750000004016,1065.3700000002573,1075.184999999692,1085.5400000000373,1095.2250000009371,1105.5400000004738,1115.010000001348,1124.8500000001513,1134.8250000010012,1144.734999999855,1154.950000000099,1164.4300000007206,1174.5300000002317,1184.3900000003487,1194.4350000012491,1205.0099999996746,1214.20500000022,1224.739999999656,1234.3849999997474,1244.6400000007998,1254.2850000008912,1263.7700000013865,1275.085000001127,1463.064999999915,1472.9450000013458,1482.8100000013364,1492.8600000002916,1503.020000000106,1512.7549999997427,1522.6199999997334],"start_time":null,"stop":[],"next":[],"height":[1,1,1,1,1,1,1,1,1,1,1,1,1,1,1,1,1,1,1,1,1,1,1,1,1,1,1,1,1,1,1,1,1,1,1,1,1,1,1,1,1,1,1,1,1,1,1,1,1,1,1,1,1,1,1,1,1,1,1,1],"width":[1,1,1,1,1,1,1,1,1,1,1,1,1,1,1,1,1,1,1,1,1,1,1,1,1,1,1,1,1,1,1,1,1,1,1,1,1,1,1,1,1,1,1,1,1,1,1,1,1,1,1,1,1,1,1,1,1,1,1,1]}